 (-4.902805240649593665e-01+4.819955323511743162e-02j), (-1.600204288157343935e-14+1.008130482521083005e-14j), (-7.232154328912796526e-01+-4.840053975290520838e-01j), (-1.703796469489387653e-14+-2.842693130713610397e-14j), (1.262347318857229195e-05+-4.246902589162938560e-05j), (1.187223553557311201e-14+-9.761140467055195456e-15j), (-4.482693699728954598e-05+-2.082118217523516943e-05j), (-7.795186078880883539e-15+-1.416825108525128772e-15j), (5.783011484614224005e-05+9.260655371471920459e-05j), (-8.181090169491759549e-15+1.191324873370968970e-14j), (-8.262670238276614376e-05+1.527595005512400703e-05j), (-2.099739566579946158e-15+-4.616792915026654913e-15j), (2.168877506548464456e-06+1.202873292230389119e-05j), (6.546785904380947693e-15+-4.043220322567471861e-15j), (6.172488055138146160e-06+-2.623515425124550164e-06j), (-2.485393736124671952e-15+-1.716821557012875507e-15j)
 (2.919588857135239775e-15+1.935927767098946006e-14j), (-1.735436561366627273e-01+-4.697398584235948915e-01j), (-3.400574948603642056e-14+1.398513861343020086e-14j), (4.126721566144400666e-01+-1.034947274611201368e-01j), (-6.647685046982905874e-15+-9.974334917663377836e-15j), (-1.981472136240658433e-02+4.298565771363218602e-01j), (1.970330917620044162e-15+8.924991846715074290e-16j), (1.975817623494747766e-01+1.547165095761126111e-02j), (8.328517178360432685e-15+2.212460445750078907e-15j), (-2.173080176515512774e-01+-4.591894771753898818e-01j), (-1.696177701548390683e-15+1.323008927485853132e-15j), (1.773896939559705954e-01+-4.996973645787966545e-02j), (-8.955844152487119124e-16+-5.746780008623070772e-15j), (-6.020633016368107798e-02+2.065588866836407245e-01j), (-2.674486990722408395e-15+-1.401316350760466573e-16j), (6.035459940860622707e-02+4.236142563794764726e-02j)
 (2.552528657115504251e-01+8.319541471414194644e-01j), (-2.772721386081567316e-15+2.656839072543752047e-14j), (1.873358951216689827e-01+-4.556351984144532685e-01j), (7.507187577810208170e-15+1.070175034945182326e-15j), (-2.405960147866307533e-04+5.415059602348249797e-06j), (8.492163499884632727e-15+6.639389363757325669e-15j), (-1.201361764835569653e-04+8.577477513027191128e-06j), (1.919727111929407859e-14+-1.027783341446981821e-15j), (4.336556062457362913e-05+6.335514339919409558e-05j), (1.333378023195627945e-15+5.492940505853643327e-16j), (2.988193567922874938e-05+-1.427592568604917588e-04j), (-9.719016909586113545e-15+2.049218449719687033e-15j), (1.513206745036410284e-05+2.401843240521932987e-06j), (6.979970045183353847e-15+3.205341255633436677e-15j), (-6.095297808663359354e-06+-1.017333858005627544e-05j), (7.206169929317064300e-15+3.078095978753616728e-15j)
 (2.711921024447563933e-14+5.661488882017731685e-15j), (-2.250531575591611932e-01+3.588696352568390702e-02j), (2.699392781880930519e-15+-4.582195755395007272e-15j), (-1.225499204031057360e-02+-3.058922165016059180e-01j), (5.778267219624501050e-15+-4.571240232815530224e-15j), (-2.238545394410889344e-01+9.726898373941536557e-02j), (2.079152033881829012e-15+-1.107644418714473671e-14j), (-5.327434615700158416e-01+5.097964460406319009e-01j), (-2.877728371871188540e-15+3.660161974859295158e-15j), (1.405051860406057174e-01+6.609194387416145178e-02j), (1.066827923477328849e-15+5.493495258561407114e-15j), (1.699158455514786781e-01+-2.994032534887872687e-01j), (-1.496241123660502968e-15+-2.341972362292080365e-16j), (-7.210862480724225532e-02+9.775734895906469657e-02j), (6.116094381154077819e-15+-4.097131091603733097e-15j), (-2.399192070794950726e-01+1.900576565592049516e-01j)
 (2.264056336283933231e-04+-4.634889522551377983e-05j), (-5.409441437852117467e-15+-1.028456867697225170e-14j), (-6.853844271076083234e-05+-4.198692870543385252e-05j), (-5.876552820146506354e-15+-1.591810042262738760e-15j), (8.348999796936171225e-02+-9.965084360676201847e-01j), (1.655768817062011625e-14+-3.192126516612297171e-14j), (3.066018481806797582e-04+1.602119142134959774e-04j), (2.535098087449345333e-15+2.242743211540064793e-15j), (-2.160430425708686423e-04+-5.776260699780928720e-06j), (-6.674149269990830207e-17+-2.657130413968568481e-15j), (-5.904579203044301583e-05+-9.010399258176672577e-05j), (1.549770799106119019e-15+6.695652651413922892e-16j), (-2.756317323460845230e-04+-1.600780765071263122e-04j), (1.602865457661770306e-15+-1.775452080581040339e-15j), (7.775242288448521171e-05+-1.076478607288783296e-04j), (-5.379455787438323324e-15+-1.640634414007551639e-15j)
 (-1.460745355677146811e-14+-1.134868645317483073e-16j), (4.465983522776276193e-01+1.848406252042678610e-01j), (-2.864964871690350071e-15+6.622955227338700342e-15j), (1.123217895300263336e-01+4.962179507271631540e-02j), (-2.791528132921819628e-14+-1.888596282520448774e-14j), (4.874498081844730324e-01+5.631169113134397719e-01j), (5.273674248821556573e-15+-6.269841533308034422e-15j), (-3.062735807358554774e-01+-1.446246353368638438e-01j), (-9.440928453505247068e-15+1.501745386716876322e-15j), (2.050279735324684049e-01+6.468780706235385813e-02j), (-4.872774264047699458e-15+-1.426841981980459922e-15j), (1.976622510413673928e-02+-1.463147885325166431e-01j), (-2.187417404146800021e-15+8.689505066997363634e-16j), (5.942964411898336852e-02+9.618538078730989871e-02j), (2.716472445207117497e-15+1.687260625193033883e-15j), (2.504926588707889756e-02+-2.114015723324350060e-02j)
 (1.143619972622129932e-04+7.109164317001409142e-06j), (1.469968761358307671e-16+-8.799870328181010494e-15j), (-6.089550328026956995e-05+1.101799894036915917e-05j), (-1.092256652920464454e-14+-1.625678720066260623e-15j), (3.290034970988381879e-04+-1.067919295231511593e-04j), (-1.660905465819117894e-15+1.790193453872105783e-15j), (8.363483728464346512e-02+-9.964963616051143447e-01j), (1.477386255433051204e-14+-1.256112817288670335e-14j), (-7.200678463767440157e-05+8.864343013210063040e-05j), (2.253874854857623221e-15+1.702620200600443459e-15j), (-1.156423130890857733e-04+-7.435285295069669633e-06j), (-3.161044851357837582e-15+4.120008412509222136e-15j), (-1.700157005253817122e-04+-1.515101192959226594e-04j), (-1.153792561282370564e-14+-2.250892300008234286e-15j), (-1.330020924622287049e-05+1.359578400716408005e-05j), (-1.251668516345363339e-14+-2.354187319220636575e-16j)
 (-9.591123417419858156e-15+-6.049309567594196459e-15j), (1.371364717760033825e-01+3.639960820548117093e-01j), (-8.996464414745180029e-15+1.368618857973789574e-14j), (6.993930858800444517e-01+-8.672320039440450934e-02j), (3.756591934168140867e-15+-5.093402781292542071e-15j), (-1.169620418854339372e-01+-1.441339583600069474e-01j), (-1.240480861693213726e-14+-2.083314924699145870e-14j), (5.438380749220815547e-02+2.851527489968775364e-01j), (1.682690002740944285e-15+-2.902313807709598100e-15j), (-1.204596636145348898e-01+8.866324547901260900e-02j), (-3.794730225526241215e-15+3.441027098840558625e-15j), (3.230816120278772602e-02+-2.043005076406463616e-02j), (-3.235886867054081761e-15+1.021298324916801124e-14j), (2.959508343516360496e-01+-1.922086328462327409e-01j), (3.650346897036284693e-15+7.714399716733449398e-15j), (2.357889135259983171e-01+-1.713010793147926036e-01j)
 (-7.117781210769096349e-05+3.401839778854087487e-05j), (1.708217993406625161e-15+6.039707021200217380e-15j), (1.605741796619092074e-06+-1.076111741390311540e-04j), (-3.547579388171724590e-15+-2.199747789349053579e-15j), (-2.139932371361494441e-04+-3.034509194322520774e-05j), (7.469909884288721938e-15+-5.742692746882946035e-15j), (-5.623672430628972474e-05+-9.951588370774276388e-05j), (2.881488769532546699e-15+3.833443744023796012e-15j), (8.331981981951176730e-02+-9.965227858971403840e-01j), (1.624920321040502965e-14+-2.093220982865275832e-14j), (-1.039281701927873382e-05+2.738293413889530194e-05j), (1.649340724960106478e-14+4.898898063238621452e-15j), (2.299140241013914636e-04+9.655895200513410080e-05j), (8.949502824481709965e-15+1.778309405652789111e-15j), (4.662885938783661806e-05+4.484066177097186103e-05j), (-1.296923430846314861e-14+1.452861195379234119e-15j)
 (8.083173677316724427e-15+2.985054703246711082e-16j), (-2.703274096373300406e-01+-3.620716845281385377e-01j), (-9.308305793496910694e-15+8.640484491041757599e-16j), (2.086346324089154158e-01+3.775795138462764711e-02j), (-2.325246483974110363e-15+-7.223372091148944442e-15j), (-5.881821607826268755e-02+2.114193068842574741e-01j), (-8.066473851821800108e-16+1.409472941656953291e-15j), (-6.543442998458537385e-02+4.047790746292218023e-02j), (-1.911052729702896981e-14+-2.493231273820254981e-14j), (2.523827872713508835e-01+4.829404354333753369e-01j), (-1.511786311593437431e-15+-2.176931682997050358e-15j), (-5.870540206445625797e-01+1.096906149213015963e-01j), (4.745075608587931275e-15+-3.318913431147293563e-15j), (-3.140113181108676599e-02+-1.910506333548030178e-02j), (-1.868335792109981520e-15+6.818096434579160797e-15j), (1.960371680559196417e-01+-5.848664133695236078e-02j)
 (-5.878394579591593309e-05+-7.506830568860898146e-05j), (-1.398509459161311700e-15+-2.590821084729316149e-15j), (-7.418308629537972781e-05+1.172509200198037393e-04j), (6.499643380460146732e-15+1.064384539216009249e-15j), (-7.315848408376873671e-05+7.900894805929847917e-05j), (9.233579681691522597e-15+-4.820298095023438044e-15j), (-1.152440602720890197e-04+-1.192953641355447681e-05j), (9.120032257639381464e-15+1.266788516427620209e-14j), (-5.699624530441020695e-06+-2.872718277952199454e-05j), (1.009541320771011735e-15+1.428220438494780899e-14j), (8.325040231802527391e-02+-9.965286229579376487e-01j), (1.555716386118879272e-14+-4.030554878533107524e-15j), (-9.239142901437161182e-05+7.456718774154177433e-05j), (-1.139817727677416855e-14+8.047300743703561035e-15j), (4.863945040010062454e-05+5.881896757970401298e-05j), (-7.384312374961143714e-15+-9.508139647854949131e-15j)
 (-2.185554352678037022e-15+3.802410920461292750e-15j), (7.509247084677493633e-02+5.928377124422679750e-02j), (7.647046552096117923e-15+-1.611413885690627586e-16j), (-1.912482867391336883e-01+-1.099970477693990034e-01j), (2.097271495096383800e-15+-9.050804376760243188e-15j), (-1.783158020795326260e-01+1.845630965750354180e-01j), (2.715670961364249082e-16+-5.764684360806426107e-15j), (-4.344772585975038570e-01+-1.004073963624464716e-02j), (1.006390690948455872e-14+-5.003392805184552947e-15j), (-3.326489918070353879e-01+-4.128958744320668783e-01j), (-1.548454408080139730e-14+-2.886129408620123252e-14j), (-3.794495001098103226e-01+2.904535019217437397e-01j), (4.377638096049705082e-15+8.828429578564220142e-15j), (1.131151158581928245e-01+-3.604197784204169475e-01j), (-6.297566214032818848e-15+3.396675422173532519e-15j), (1.836105856391399560e-01+3.932077001589444343e-02j)
 (3.508325413922045027e-06+-4.639466657778097034e-07j), (-5.470925188164847647e-15+-7.300565435166018397e-15j), (-2.768202213892772203e-06+-6.254179346360273202e-07j), (-2.372760497322051748e-15+4.382069187405197435e-15j), (6.317004043151157973e-05+2.735531072715281960e-04j), (-1.975483044999258224e-16+5.080058667250590384e-15j), (2.760643881827253758e-05+1.046110089271288710e-04j), (-3.557539322121236664e-15+-1.018148997874091223e-15j), (4.998566229023044638e-05+-1.645146110224622994e-04j), (3.863049339919166655e-15+5.242451559690945138e-15j), (-7.840011604652236186e-06+-1.165560266367141154e-05j), (1.043408453498567439e-14+-2.825638266013784295e-15j), (-5.105038115975339963e-01+-1.833516958817110465e-01j), (1.766764747045330424e-15+-2.672390927303370359e-14j), (9.504570375395815507e-02+-8.347060607487810646e-01j), (2.361417151184673740e-14+-7.790026452600660565e-15j)
 (-4.370764643292238414e-15+-1.159981886380589240e-15j), (2.521998045603630056e-01+7.425391475479181658e-02j), (-1.707130074926427854e-15+3.739210729311992731e-15j), (9.573770623493546572e-02+-1.014145355885962413e-01j), (6.418425205873484899e-16+-1.564518222895529685e-15j), (-1.016668063193356397e-01+-3.859817809085003271e-02j), (1.531604385534162842e-15+3.011857429681448564e-15j), (1.540149875757378280e-02+5.738523930994167410e-02j), (-6.941541016682176657e-15+-5.074300310770921796e-16j), (-2.486828750148634692e-01+7.383641492343789858e-02j), (5.767482875926245635e-15+1.568104072564777350e-15j), (-3.062354178871107280e-01+3.440982002144650220e-01j), (-2.713254317676305435e-14+-1.927493651876607622e-15j), (1.461863998966942968e-01+6.107809449358867493e-01j), (-2.114526201584474027e-15+-2.525681059025153874e-14j), (-4.697192151112005165e-01+3.919322997451399337e-02j)
 (-1.486721727394650682e-05+1.749075968593577794e-05j), (7.867677151527091734e-15+-4.294490139177009095e-15j), (-3.123864143159270479e-06+-3.723392936608813402e-06j), (-8.185567660675341290e-15+-4.539943025066902915e-15j), (-1.077967582741389907e-04+1.697297382401077447e-04j), (-5.226404336093867558e-15+8.106150409900009627e-16j), (-4.653669835295498250e-05+1.957488435724586144e-04j), (-1.446907585380137987e-16+6.075494973378837527e-15j), (7.927819406803350295e-05+-1.747607397953042678e-04j), (2.577568351694703271e-15+4.500061710593556781e-16j), (-1.403934640943010708e-04+-2.595617556555933055e-06j), (3.523712769945149037e-15+-3.734363988117567524e-15j), (-5.278904267804269690e-01+-6.535284853409959460e-01j), (1.097457208560522748e-14+-1.079327705245555900e-14j), (-3.325369864358429517e-01+4.285454827763994778e-01j), (-1.424072039215159833e-15+-9.153086814071892109e-15j)
 (-3.914410228422637513e-15+-3.615882293553496798e-15j), (3.321297649452105427e-02+1.697846205804022790e-01j), (-1.693507129479642404e-15+6.594931226493102905e-15j), (2.734403820234032612e-01+-1.602204768659421241e-01j), (1.453627038409298722e-15+9.989148593322475921e-16j), (1.525358745948827421e-01+-1.303264429456995610e-01j), (7.810761574130480876e-15+4.019654290295804465e-15j), (2.936420413888220921e-02+-1.372611530301716676e-01j), (6.439086302796447370e-15+-4.334844299794428433e-15j), (-4.218443383125141527e-02+4.558846217246007720e-02j), (7.252655742575888593e-16+-1.789453293707464538e-15j), (-8.198701139863781573e-02+1.426432866570490066e-01j), (-1.117933311203390232e-14+-1.086543158730988259e-14j), (-5.041469767912970523e-01+-9.487584026581433183e-02j), (-8.558709052395629328e-15+-1.740207283879837262e-16j), (6.373902387938118475e-02+7.152060595709034407e-01j)
