 (-2.510450735325753802e-01+9.679753978970679906e-01j), (1.442286200392225077e-07+-1.633329830965355132e-07j), (1.813752501035930309e-07+1.241614916062883465e-07j), (6.501170438439983371e-09+5.438812042276091585e-08j), (1.081197910474083953e-07+-1.945627546508432034e-07j), (-2.623506013358202671e-07+-1.381276728977731118e-07j), (-1.074872752844904876e-07+-9.552528399322398915e-08j), (-3.906982026194923430e-08+-1.965149008622773608e-07j), (4.071211322922345051e-07+-3.384723186845612585e-07j), (-9.869104266499015511e-09+-1.511233031544141162e-08j), (-6.745700560531004716e-07+-4.754750606604818222e-07j), (4.239441101836454545e-08+9.428048658120451834e-09j), (-5.574710142757675961e-06+-5.686023756433547517e-06j), (3.691870913817419948e-08+4.447859333314348785e-08j), (6.190440611662542490e-06+4.247518890470356664e-06j), (1.758980440603793990e-08+-2.547049600758368952e-08j)
 (9.285854238853723309e-08+2.812235670226032215e-08j), (2.295468966950088563e-01+5.369424229924907310e-01j), (-2.201316526835364610e-08+-3.163702158058905642e-08j), (6.000927019598268908e-01+-7.988910379513483595e-02j), (2.603329252811600916e-08+-5.859132860159714734e-08j), (9.549942306026062630e-03+-3.384963636462186010e-01j), (-2.466121291415026273e-08+-8.015448256618364152e-08j), (-4.009521668122137950e-01+5.195952883890826018e-02j), (1.021870790464357846e-07+-3.895204452437611362e-07j), (6.955502063043510208e-02+4.160184711814087638e-02j), (8.016439787281398570e-07+-1.038263423510071075e-07j), (-1.473064876563123793e-02+1.094940218887697526e-02j), (4.185740586490458500e-07+-2.715812470294853999e-07j), (-1.801813060216877690e-02+7.117320472866787984e-02j), (-5.758086007776570540e-07+-2.983054207844281845e-08j), (4.556373779655551598e-02+1.512000207391738004e-03j)
 (2.188744022330592699e-07+-2.020885788246604597e-08j), (-7.156859846667008391e-08+-1.591670965542555749e-07j), (-2.510447425803179478e-01+9.679754836859668643e-01j), (1.016277197957728839e-07+-7.245906952932142307e-08j), (-3.990347892945114913e-08+-3.751275433519705973e-07j), (1.681791380205968346e-07+-7.097676185216220239e-08j), (2.252279023982037662e-07+-7.798234906020038700e-09j), (-6.158191687637166864e-08+5.904124537265849236e-09j), (-3.064047766437295331e-07+-7.642121113605158769e-07j), (4.462509956231250272e-08+4.557207261409706282e-08j), (3.205463745083145539e-07+-3.954273291551502707e-07j), (-6.094080153069420833e-08+-1.994186235327951549e-08j), (1.007566695499931521e-05+2.428697073187065538e-06j), (-6.136667469300547661e-08+1.201476094017127564e-08j), (-8.865494998015498092e-06+-4.290804763899699848e-06j), (4.301330774818213570e-08+-1.595127490351122782e-08j)
 (1.415536972989254818e-07+-2.752187744423915425e-07j), (6.000964656874111514e-01+-7.988703751550089993e-02j), (1.000386996897802549e-07+1.795865040553466476e-07j), (-4.770805769833513788e-02+5.986948214594753903e-01j), (-4.693919621741831338e-08+1.952817862551549698e-07j), (-4.049395208210515018e-01+-6.213130159825477894e-02j), (9.237945342125140995e-09+9.787500393579729403e-08j), (3.145873627382207716e-02+-3.101778075668203960e-01j), (1.000567618849885603e-06+-1.242280863768781911e-07j), (7.996741229028712580e-03+-1.876856984871714054e-02j), (-3.089646660117415908e-07+-5.108780210541469522e-07j), (-1.965211567876443827e-02+-1.152505885836229739e-02j), (-4.146904275311520506e-07+-4.545728449107575322e-07j), (1.547511762115011055e-02+-6.840403222648222537e-02j), (3.940733620341542749e-07+-4.428947822574302530e-07j), (-3.640241730510473950e-02+2.399041358097154034e-02j)
 (3.468859029906710656e-12+2.226327205910509044e-07j), (-1.907894498432328029e-07+4.489878357242462509e-08j), (-2.172533011349728472e-07+3.083601856223594953e-07j), (6.626968312056268471e-08+-1.596777185186410976e-07j), (-2.510448204214537071e-01+9.679754635706223631e-01j), (-4.824854246290000211e-08+-5.981162756368626842e-08j), (-3.756235634822407173e-07+-1.211603194800462615e-07j), (-3.047238834355164111e-08+2.422282830455317708e-08j), (1.215802111133934123e-06+-3.024018389964685164e-07j), (-2.727906470860937992e-08+-5.223498355590504529e-08j), (-8.841811829232765731e-07+2.987795519060681709e-07j), (-6.839954769285209422e-08+8.889549281685125183e-09j), (5.051896264384551973e-06+-2.723365672635068495e-06j), (6.480163363685398252e-08+3.615646289136724530e-08j), (-4.526312567532940985e-06+2.914486812989286013e-06j), (-2.797515623494188009e-08+-1.268451032682800853e-08j)
 (-8.028907508570899340e-08+8.159393500272985324e-08j), (-1.873303073149533982e-01+2.982789544135135834e-02j), (-7.911109005788594876e-08+2.992738802982862110e-08j), (2.986014570768199053e-02+4.856175720879266078e-01j), (2.367901635086459322e-08+6.351300292096417326e-09j), (-1.965106832681975668e-01+-3.394327947489118175e-02j), (-1.646760019127877596e-07+-2.969792280452052635e-08j), (3.579348012141341656e-02+7.968886527440501855e-01j), (-8.763955750546097246e-08+8.210076424809742526e-07j), (5.702623044999316493e-02+-1.331984929871401491e-01j), (-3.845883380379236612e-07+3.771483159319325960e-08j), (-3.949947203307661164e-03+1.228082378862389292e-03j), (3.414888580417647685e-07+8.577331336408107865e-08j), (-4.943526873450285880e-02+1.602989725070689264e-01j), (-4.714441605140857834e-07+1.265873589117667476e-07j), (1.020442910338640631e-02+-4.433540935000541972e-02j)
 (-1.403062138757256764e-07+3.119223466827321565e-08j), (-1.028543053267028415e-07+3.024376136091327032e-08j), (1.929520454600854509e-07+1.163155804886998470e-07j), (-3.085715356405618563e-10+-5.668450867722477454e-08j), (-3.872115019700797590e-07+-7.669745375558479928e-08j), (-1.832981673281450520e-08+-4.352949940809099363e-08j), (-2.510443054571183663e-01+9.679755971323679153e-01j), (-1.567186364380364630e-07+4.317785441272694084e-09j), (6.100204853053742949e-07+9.149349646603482440e-08j), (-2.934622429904688335e-11+1.308083587811507287e-08j), (-6.770164596233007645e-07+1.981179258487299184e-07j), (6.003291553431615366e-08+-1.200761664231001629e-08j), (-1.531536160437682208e-06+-4.782800661007765533e-06j), (-1.962750832052603151e-07+-1.007769278790100983e-07j), (1.238341646924127291e-06+5.083061821096460937e-06j), (2.013600278852330908e-08+-2.345115796602163903e-09j)
 (-2.113735698784227663e-07+1.048136388986511997e-07j), (8.854265120297306890e-02+4.822210551543072987e-01j), (5.753951657563724050e-08+1.791802522939151467e-07j), (-1.577958014678459975e-01+-4.663285057040184728e-03j), (-1.846722026689252573e-07+-5.785493808565895734e-09j), (-1.214727455235222880e-01+7.793204006900653624e-01j), (-4.178499497971562060e-08+-2.633798744613547253e-08j), (-2.126498446204099224e-01+7.089308926536416755e-02j), (-4.341697466945104321e-07+-1.289744843778765479e-07j), (-4.518183850985536820e-02+2.630723279996167660e-02j), (7.132362597813566940e-07+2.150771230657697628e-07j), (-5.303245638957612001e-02+2.637810811148150192e-02j), (-4.576589494646189946e-07+-4.064876470576439504e-07j), (5.586278571708720025e-02+-1.850997953610755697e-01j), (4.549514265965496003e-07+2.048157463935517609e-07j), (1.367672127322565323e-01+5.524467229712070465e-03j)
 (1.913036582535792516e-07+4.936723986439261622e-07j), (1.734682830426439493e-07+-3.317357029030218824e-07j), (-6.391991085481527129e-07+5.189714318338065780e-07j), (8.233549078919192712e-07+-2.475828488005665251e-07j), (9.155823331917164209e-07+8.551779482539456984e-07j), (-4.042334413619923437e-07+2.155450566529896172e-07j), (5.775955406398728337e-07+2.165146939152311978e-07j), (-3.842489568371698188e-07+-9.207036896359105877e-07j), (-2.510443106573282956e-01+9.679755958082293388e-01j), (7.478983334366434476e-09+-1.286072543419600946e-07j), (7.576691952405066665e-07+1.271241631080270381e-07j), (-2.450438638905399142e-08+-5.851411357374316998e-08j), (-4.567953382471296349e-07+-4.450264955800365682e-07j), (3.850869499850626697e-09+-1.270378524601730370e-07j), (-2.760400704992106908e-07+-3.397415020118063613e-07j), (2.600232267808323703e-07+6.832294508037192036e-08j)
 (-1.008045947314838803e-08+3.982167677756047633e-08j), (2.533337948422750147e-03+3.961695788049108408e-02j), (6.251491881712757021e-08+3.617260032491041745e-08j), (3.944033745852035255e-02+-3.501920958490263580e-02j), (-3.435379372041864226e-08+3.214132262094567227e-08j), (-5.428087039030402017e-02+-7.799670842582877295e-02j), (4.959812249956324814e-08+-1.474982200226282923e-07j), (3.650438297938785742e-02+1.120611080498552931e-01j), (2.871555139057794608e-08+1.596707264028705083e-08j), (-4.203355966406781552e-01+-1.612522096938892244e-02j), (9.162658559928013194e-08+2.708902728662575707e-07j), (2.757687951250763492e-01+-4.317797631666637215e-01j), (1.165258271955826489e-07+2.936472702054326302e-07j), (-4.539445176476618604e-01+-4.460860064293941663e-01j), (-1.718988842907450905e-07+1.610825413072819703e-07j), (-8.007995442491208649e-02+3.490367518236980882e-01j)
 (-8.206281487536232810e-07+8.768727032614872245e-08j), (1.137866310137764316e-06+3.134194363133177409e-08j), (8.795717397500647370e-08+5.013822113501338077e-07j), (-3.460075961669832024e-07+-1.594507353701335798e-07j), (-6.275272782038278718e-07+-6.908392150155530820e-07j), (2.441043621256286606e-07+-2.974383812288229847e-07j), (-4.953956634825398399e-07+-5.021867929244339531e-07j), (-1.584150505632619831e-07+2.899915389222419939e-07j), (7.239506690736017226e-07+2.571351287471810973e-07j), (2.162091897225337928e-07+3.210359113958689063e-07j), (-2.510442480678696797e-01+9.679756120411920906e-01j), (-1.336661744670892743e-07+1.612735576942795283e-07j), (-6.472771082207546807e-07+-5.069864505530815471e-07j), (5.549412261045234341e-08+5.998969445339657818e-08j), (1.673022932851516587e-07+-1.163266853166243060e-07j), (3.712918996792940247e-08+-4.142588813641804482e-08j)
 (8.569405601479453312e-08+2.798472944583854639e-08j), (1.708536917946719413e-02+8.710146853966264230e-03j), (-3.593752256833151329e-08+-6.184384101349187997e-09j), (-2.516236553691988953e-02+-2.734511107386837503e-02j), (-3.984594822281260727e-08+-2.847745095388750550e-08j), (1.968756791627827504e-02+-6.593212433787293270e-02j), (3.274791712075907176e-08+-1.679129487127958204e-08j), (3.842431612231693439e-02+-2.459606773952838568e-02j), (7.932723702926831590e-08+-7.227869588813080085e-08j), (-1.806376217403624362e-01+-3.893553403855480322e-01j), (-3.723038981450320752e-08+1.331159501871942842e-10j), (-2.246817233517615364e-01+6.434734471335905592e-01j), (6.823964379933085377e-08+-1.419840717632593528e-07j), (-2.501625699135222591e-01+-8.507579334473852617e-03j), (1.111545483843885476e-07+-9.631534571024015044e-08j), (2.702122033123115497e-01+4.549719477450796523e-01j)
 (7.474495193737655584e-06+-7.035056297345640224e-07j), (2.079082126915078375e-07+-3.629021531156148905e-07j), (-9.833401519831078081e-06+-5.587709046154365275e-07j), (-7.500569202433734556e-08+6.864567766401916559e-07j), (-2.539307789538143926e-06+-4.746961075914769298e-06j), (4.543705329953235702e-07+-3.737813476760169341e-08j), (3.552675716444437649e-06+-3.840507786968508469e-06j), (-3.309736408049880059e-07+-4.631179290337082969e-07j), (-4.063660759318436114e-07+1.627573015388237168e-07j), (1.107266993217214730e-07+8.713023844144122912e-08j), (8.968727678366924107e-08+1.829797677674337571e-07j), (-5.080750646633933809e-08+1.735176097707925342e-07j), (6.434690170164510856e-07+8.499982119934636456e-08j), (7.892217329508374224e-08+-3.069793996910040821e-07j), (-2.510447009904735460e-01+9.679754944691423280e-01j), (3.294668714483170987e-07+-2.965916748380488213e-08j)
 (8.487933585217468488e-09+-8.665145634915573500e-09j), (4.064365547967091485e-02+1.001297401367981926e-01j), (-2.388002580050797596e-08+4.325808058113976440e-08j), (-4.003492659313740570e-02+-5.791823166842569731e-02j), (2.227049813449635499e-08+3.592363924565781754e-08j), (-1.398073954816509042e-02+1.957773779072918274e-01j), (-1.201705839494172547e-07+-6.067766220265657719e-08j), (-5.747245246092956561e-04+-1.474102428614142424e-01j), (4.633793402312687132e-08+-3.968725574908013339e-08j), (3.440070763517480423e-01+-3.679206350223583888e-01j), (-4.768688996626061981e-08+1.439741259978217189e-07j), (4.134337447561092782e-01+-8.199931707224766830e-02j), (-3.329445248355464410e-08+-1.589926614673008913e-07j), (-3.616090819977094695e-01+4.991870215324907822e-01j), (-4.971684454432506158e-08+3.224217855973827059e-07j), (-3.019547955956568552e-01+1.436215092642945113e-01j)
 (-7.635505062360707220e-06+2.259931965113971640e-06j), (2.692833814790107063e-07+6.561251378022142912e-07j), (9.986027077682009379e-06+2.774334967047406905e-06j), (-9.548539873988475729e-09+-1.742628918246400746e-07j), (3.091523054239847913e-06+4.835371860252038356e-06j), (-7.072167622781793935e-07+-1.121500033247302033e-07j), (-3.662987880037391414e-06+3.435592867862004935e-06j), (2.736073677286226686e-07+-1.433518359159667740e-07j), (-6.155027767013692048e-07+1.669254807198583237e-07j), (2.113170980417040877e-07+-2.583276206032983234e-07j), (-8.120989951824983108e-07+1.284927222979840024e-07j), (-1.566684924398199471e-07+4.470460285955265121e-08j), (-2.510459838302601110e-01+9.679751617530186758e-01j), (7.745404097964639691e-08+1.762963234921325609e-07j), (6.036092278132252600e-07+2.386540335816521794e-07j), (3.048677127822962455e-07+-1.233937791677844870e-07j)
 (-2.939628452113087172e-08+1.600301134340828099e-08j), (4.670180533418024499e-02+1.847775279494261180e-02j), (2.492572181723542474e-09+4.556219894911689305e-08j), (-4.230649703397169892e-02+1.573768500992903802e-02j), (-6.608792323341309851e-08+-2.137209309776105630e-08j), (2.456775978506134210e-03+5.773528599246349063e-02j), (-4.612561106202998692e-08+3.958351690870411601e-08j), (-8.186228183341694165e-02+9.152026307508109859e-02j), (-1.158569294100683535e-07+3.134673181358219705e-07j), (-3.524100344565800347e-01+4.798114391552510405e-01j), (2.456746927019686312e-07+-1.445326003110929068e-07j), (1.062305296517671027e-03+3.015694043557488602e-01j), (-1.750935811025107941e-07+3.419087478387832467e-07j), (9.719072233777018011e-02+2.589634180163992716e-01j), (1.373162860369150611e-07+2.693541148681923143e-07j), (-6.123072477161185523e-01+2.832629012435714522e-01j)
